distance,seed,temperature,n_source_rows,n_catalog,n_users,unique_train_median,unique_train_p10,mean_top_product_share,train_catalog_coverage,category_tvd,same_category_share
category_price_t0.1,42,0.1,41387,14314,1000,40.0,21.0,0.17247142857142858,0.8121419589213358,0.041932793251158916,0.9994428571428572
category_price_t0.15,42,0.15,41387,14314,1000,46.0,26.0,0.14118571428571428,0.8338689394997905,0.04297565039401607,0.9799571428571429
category_price_t0.2,42,0.2,41387,14314,1000,51.0,35.0,0.11475714285714285,0.8495878161240743,0.04838565180922927,0.9071714285714285
category_price_t0.1,137,0.1,41387,14314,1000,39.0,18.0,0.1739285714285714,0.810674863769736,0.06607969203580145,0.9993857142857143
category_price_t0.15,137,0.15,41387,14314,1000,44.0,25.0,0.14224285714285714,0.832541567695962,0.06520826346437286,0.9801285714285715
category_price_t0.2,137,0.2,41387,14314,1000,51.0,32.0,0.11764285714285713,0.8436495738437892,0.06039380723415567,0.9038428571428572
category_price_t0.1,2026,0.1,41387,14314,1000,39.0,21.900000000000006,0.16902857142857144,0.813748777420707,0.04953765019381517,0.9991571428571429
category_price_t0.15,2026,0.15,41387,14314,1000,44.0,28.0,0.14085714285714285,0.8350565879558475,0.046478712432130156,0.9795428571428572
category_price_t0.2,2026,0.2,41387,14314,1000,51.0,35.0,0.1146,0.8426715104093894,0.039960661560393365,0.9042285714285714
